district_id,name,area_type,population,geometry
D-01,Baixa,Historic,7523,"POLYGON ((-9.13419 38.71390, -9.13509 38.71666, -9.13820 38.71878, -9.14186 38.71736, -9.14468 38.71543, -9.14492 38.71231, -9.14200 38.71025, -9.13836 38.70976, -9.13469 38.71088, -9.13419 38.71390))"
D-02,Alfama,Historic,6392,"POLYGON ((-9.12483 38.71250, -9.12669 38.71467, -9.12922 38.71597, -9.13220 38.71548, -9.13488 38.71388, -9.13534 38.71098, -9.13225 38.70946, -9.12901 38.70813, -9.12659 38.71027, -9.12483 38.71250))"
D-03,Chiado,Historic,7535,"POLYGON ((-9.13740 38.71050, -9.13968 38.71235, -9.14185 38.71339, -9.14468 38.71345, -9.14714 38.71182, -9.14648 38.70937, -9.14430 38.70807, -9.14187 38.70773, -9.13918 38.70832, -9.13740 38.71050))"
D-04,Cais do Sodré,Waterfront,6353,"POLYGON ((-9.14041 38.70650, -9.14034 38.70889, -9.14327 38.70974, -9.14585 38.70901, -9.14738 38.70746, -9.14815 38.70532, -9.14587 38.70397, -9.14335 38.70360, -9.14039 38.70413, -9.14041 38.70650))"
D-05,Belém,Waterfront,8741,"POLYGON ((-9.19858 38.69700, -9.20148 38.69996, -9.20494 38.70169, -9.20946 38.70167, -9.21221 38.69876, -9.21254 38.69514, -9.20894 38.69303, -9.20501 38.69262, -9.20120 38.69386, -9.19858 38.69700))"
D-06,Parque das Nações,Waterfront,12824,"POLYGON ((-9.08713 38.76500, -9.09079 38.76907, -9.09517 38.77312, -9.10222 38.77206, -9.10731 38.76793, -9.10599 38.76245, -9.10130 38.75919, -9.09506 38.75644, -9.09023 38.76057, -9.08713 38.76500))"
D-07,Avenidas Novas,Business,9922,"POLYGON ((-9.13789 38.73600, -9.14134 38.73971, -9.14579 38.74135, -9.15078 38.74111, -9.15545 38.73840, -9.15575 38.73351, -9.15115 38.73039, -9.14549 38.72930, -9.13980 38.73129, -9.13789 38.73600))"
D-08,Alvalade,Residential,11782,"POLYGON ((-9.13174 38.75300, -9.13462 38.75652, -9.13851 38.75961, -9.14413 38.75858, -9.14885 38.75551, -9.14754 38.75086, -9.14390 38.74772, -9.13860 38.74682, -9.13397 38.74905, -9.13174 38.75300))"
D-09,Campo de Ourique,Residential,8157,"POLYGON ((-9.15273 38.71400, -9.15546 38.71697, -9.15883 38.71918, -9.16357 38.71883, -9.16720 38.71604, -9.16711 38.71198, -9.16388 38.70876, -9.15859 38.70775, -9.15509 38.71079, -9.15273 38.71400))"
D-10,Arroios,Residential,8373,"POLYGON ((-9.12982 38.72850, -9.13058 38.73140, -9.13407 38.73263, -9.13770 38.73215, -9.14045 38.73005, -9.14071 38.72688, -9.13809 38.72432, -9.13390 38.72361, -9.12983 38.72512, -9.12982 38.72850))"
D-11,Lumiar,Residential,12568,"POLYGON ((-9.14933 38.76400, -9.15030 38.76904, -9.15660 38.77021, -9.16294 38.77067, -9.16711 38.76659, -9.16532 38.76192, -9.16172 38.75897, -9.15619 38.75597, -9.15106 38.75946, -9.14933 38.76400))"
D-12,Alcântara,Business,8331,"POLYGON ((-9.17270 38.70350, -9.17320 38.70664, -9.17718 38.70715, -9.18092 38.70745, -9.18346 38.70505, -9.18221 38.70230, -9.18083 38.69968, -9.17692 38.69874, -9.17444 38.70117, -9.17270 38.70350))"
