zone_id,name,zone_type,max_vehicles,speed_limit_kmh,geometry
PZ-001,Marquês / Liberdade slow zone 1,Slow zone,,15,"POLYGON ((-9.14930 38.72168, -9.15035 38.72436, -9.15378 38.72519, -9.15695 38.72416, -9.15847 38.72168, -9.15709 38.71910, -9.15378 38.71827, -9.15052 38.71914, -9.14930 38.72168))"
PZ-002,Cais do Sodré restricted area 2,No-parking zone,,,"POLYGON ((-9.14572 38.70528, -9.14668 38.70628, -9.14796 38.70703, -9.14945 38.70645, -9.14983 38.70528, -9.14951 38.70407, -9.14796 38.70373, -9.14644 38.70410, -9.14572 38.70528))"
PZ-003,Chiado / Bairro Alto slow zone 3,Slow zone,,15,"POLYGON ((-9.14196 38.71781, -9.14262 38.72059, -9.14618 38.72096, -9.14911 38.72009, -9.15119 38.71781, -9.14921 38.71545, -9.14618 38.71458, -9.14288 38.71524, -9.14196 38.71781))"
PZ-004,Saldanha bay 4,Parking bay,13,,"POLYGON ((-9.15166 38.72822, -9.15110 38.72822, -9.15110 38.72866, -9.15166 38.72866, -9.15166 38.72822))"
PZ-005,Baixa slow zone 5,Slow zone,,15,"POLYGON ((-9.12876 38.71584, -9.13081 38.71818, -9.13380 38.71894, -9.13661 38.71804, -9.13798 38.71584, -9.13728 38.71313, -9.13380 38.71245, -9.13092 38.71360, -9.12876 38.71584))"
PZ-006,Chiado / Bairro Alto restricted area 6,No-parking zone,,,"POLYGON ((-9.14329 38.71191, -9.14379 38.71295, -9.14512 38.71335, -9.14658 38.71305, -9.14708 38.71191, -9.14666 38.71072, -9.14512 38.71034, -9.14355 38.71068, -9.14329 38.71191))"
PZ-007,Alcântara / LX bay 7,Parking bay,27,,"POLYGON ((-9.18742 38.70740, -9.18685 38.70740, -9.18685 38.70784, -9.18742 38.70784, -9.18742 38.70740))"
PZ-008,Saldanha slow zone 8,Slow zone,,15,"POLYGON ((-9.13898 38.72794, -9.14047 38.73033, -9.14353 38.73167, -9.14680 38.73049, -9.14821 38.72794, -9.14705 38.72519, -9.14353 38.72466, -9.14033 38.72545, -9.13898 38.72794))"
PZ-009,Baixa bay 9,Parking bay,37,,"POLYGON ((-9.13042 38.71295, -9.12986 38.71295, -9.12986 38.71339, -9.13042 38.71339, -9.13042 38.71295))"
PZ-010,Estrela / Campo de Ourique bay 10,Parking bay,36,,"POLYGON ((-9.16028 38.71378, -9.15972 38.71378, -9.15972 38.71422, -9.16028 38.71422, -9.16028 38.71378))"
PZ-011,Baixa restricted area 11,No-parking zone,,,"POLYGON ((-9.13753 38.71262, -9.13816 38.71369, -9.13953 38.71419, -9.14101 38.71378, -9.14138 38.71262, -9.14084 38.71160, -9.13953 38.71121, -9.13821 38.71159, -9.13753 38.71262))"
PZ-012,Belém bay 12,Parking bay,34,,"POLYGON ((-9.20628 38.69678, -9.20572 38.69678, -9.20572 38.69722, -9.20628 38.69722, -9.20628 38.69678))"
PZ-013,Marvila / Beato slow zone 13,Slow zone,,15,"POLYGON ((-9.10717 38.73551, -9.10802 38.73813, -9.11138 38.73902, -9.11422 38.73773, -9.11582 38.73551, -9.11426 38.73326, -9.11138 38.73159, -9.10859 38.73334, -9.10717 38.73551))"
PZ-014,Marquês / Liberdade bay 14,Parking bay,19,,"POLYGON ((-9.15337 38.72889, -9.15281 38.72889, -9.15281 38.72933, -9.15337 38.72933, -9.15337 38.72889))"
PZ-015,Alvalade / Roma bay 15,Parking bay,14,,"POLYGON ((-9.12223 38.74737, -9.12166 38.74737, -9.12166 38.74781, -9.12223 38.74781, -9.12223 38.74737))"
PZ-016,Estrela / Campo de Ourique restricted area 16,No-parking zone,,,"POLYGON ((-9.16106 38.71399, -9.16172 38.71499, -9.16300 38.71573, -9.16446 38.71513, -9.16511 38.71399, -9.16436 38.71292, -9.16300 38.71225, -9.16144 38.71277, -9.16106 38.71399))"
PZ-017,Saldanha bay 17,Parking bay,30,,"POLYGON ((-9.14918 38.73016, -9.14862 38.73016, -9.14862 38.73060, -9.14918 38.73060, -9.14918 38.73016))"
PZ-018,Belém slow zone 18,Slow zone,,15,"POLYGON ((-9.19309 38.69881, -9.19445 38.70112, -9.19741 38.70196, -9.20084 38.70149, -9.20193 38.69881, -9.20020 38.69664, -9.19741 38.69499, -9.19403 38.69618, -9.19309 38.69881))"
PZ-019,Estrela / Campo de Ourique bay 19,Parking bay,39,,"POLYGON ((-9.16231 38.71709, -9.16175 38.71709, -9.16175 38.71753, -9.16231 38.71753, -9.16231 38.71709))"
PZ-020,Parque das Nações restricted area 20,No-parking zone,,,"POLYGON ((-9.09427 38.76755, -9.09485 38.76876, -9.09640 38.76899, -9.09787 38.76869, -9.09825 38.76755, -9.09770 38.76653, -9.09640 38.76580, -9.09479 38.76630, -9.09427 38.76755))"
PZ-021,Chiado / Bairro Alto bay 21,Parking bay,37,,"POLYGON ((-9.14802 38.71093, -9.14745 38.71093, -9.14745 38.71137, -9.14802 38.71137, -9.14802 38.71093))"
PZ-022,Marquês / Liberdade slow zone 22,Slow zone,,15,"POLYGON ((-9.15486 38.72375, -9.15598 38.72613, -9.15902 38.72742, -9.16193 38.72602, -9.16386 38.72375, -9.16213 38.72133, -9.15902 38.72000, -9.15579 38.72124, -9.15486 38.72375))"
PZ-023,Saldanha bay 23,Parking bay,40,,"POLYGON ((-9.13678 38.73503, -9.13621 38.73503, -9.13621 38.73547, -9.13678 38.73547, -9.13678 38.73503))"
PZ-024,Alvalade / Roma slow zone 24,Slow zone,,15,"POLYGON ((-9.13513 38.75340, -9.13597 38.75598, -9.13927 38.75648, -9.14279 38.75614, -9.14357 38.75340, -9.14280 38.75065, -9.13927 38.74980, -9.13639 38.75115, -9.13513 38.75340))"
PZ-025,Baixa bay 25,Parking bay,12,,"POLYGON ((-9.14215 38.72170, -9.14159 38.72170, -9.14159 38.72214, -9.14215 38.72214, -9.14215 38.72170))"
PZ-026,Alfama / Graça restricted area 26,No-parking zone,,,"POLYGON ((-9.12800 38.71500, -9.12842 38.71623, -9.13000 38.71642, -9.13156 38.71622, -9.13205 38.71500, -9.13156 38.71378, -9.13000 38.71333, -9.12849 38.71382, -9.12800 38.71500))"
PZ-027,Alvalade / Roma bay 27,Parking bay,19,,"POLYGON ((-9.14389 38.75992, -9.14333 38.75992, -9.14333 38.76036, -9.14389 38.76036, -9.14389 38.75992))"
PZ-028,Chiado / Bairro Alto bay 28,Parking bay,13,,"POLYGON ((-9.15128 38.71701, -9.15072 38.71701, -9.15072 38.71745, -9.15128 38.71745, -9.15128 38.71701))"
PZ-029,Baixa bay 29,Parking bay,8,,"POLYGON ((-9.13699 38.71461, -9.13643 38.71461, -9.13643 38.71505, -9.13699 38.71505, -9.13699 38.71461))"
PZ-030,Chiado / Bairro Alto bay 30,Parking bay,17,,"POLYGON ((-9.13486 38.71390, -9.13429 38.71390, -9.13429 38.71434, -9.13486 38.71434, -9.13486 38.71390))"
PZ-031,Alfama / Graça bay 31,Parking bay,30,,"POLYGON ((-9.12050 38.71831, -9.11993 38.71831, -9.11993 38.71875, -9.12050 38.71875, -9.12050 38.71831))"
PZ-032,Lumiar / Telheiras slow zone 32,Slow zone,,15,"POLYGON ((-9.13754 38.77139, -9.13884 38.77372, -9.14184 38.77494, -9.14517 38.77399, -9.14643 38.77139, -9.14497 38.76894, -9.14184 38.76760, -9.13883 38.76904, -9.13754 38.77139))"
PZ-033,Cais do Sodré slow zone 33,Slow zone,,15,"POLYGON ((-9.13615 38.71178, -9.13720 38.71418, -9.14028 38.71560, -9.14326 38.71411, -9.14469 38.71178, -9.14315 38.70954, -9.14028 38.70857, -9.13712 38.70932, -9.13615 38.71178))"
PZ-034,Alfama / Graça bay 34,Parking bay,30,,"POLYGON ((-9.13028 38.71478, -9.12972 38.71478, -9.12972 38.71522, -9.13028 38.71522, -9.13028 38.71478))"
PZ-035,Cais do Sodré bay 35,Parking bay,18,,"POLYGON ((-9.14359 38.70537, -9.14303 38.70537, -9.14303 38.70581, -9.14359 38.70581, -9.14359 38.70537))"
PZ-036,Belém slow zone 36,Slow zone,,15,"POLYGON ((-9.19892 38.69504, -9.19968 38.69777, -9.20317 38.69821, -9.20628 38.69746, -9.20726 38.69504, -9.20654 38.69242, -9.20317 38.69182, -9.19984 38.69244, -9.19892 38.69504))"
PZ-037,Saldanha restricted area 37,No-parking zone,,,"POLYGON ((-9.15485 38.73994, -9.15544 38.74101, -9.15681 38.74173, -9.15827 38.74108, -9.15894 38.73994, -9.15833 38.73876, -9.15681 38.73836, -9.15536 38.73882, -9.15485 38.73994))"
PZ-038,Estrela / Campo de Ourique slow zone 38,Slow zone,,15,"POLYGON ((-9.16548 38.70886, -9.16704 38.71116, -9.16998 38.71267, -9.17303 38.71124, -9.17469 38.70886, -9.17302 38.70649, -9.16998 38.70504, -9.16695 38.70650, -9.16548 38.70886))"
PZ-039,Areeiro slow zone 39,Slow zone,,15,"POLYGON ((-9.13171 38.74107, -9.13315 38.74332, -9.13603 38.74436, -9.13947 38.74376, -9.14083 38.74107, -9.13889 38.73884, -9.13603 38.73739, -9.13325 38.73890, -9.13171 38.74107))"
PZ-040,Areeiro slow zone 40,Slow zone,,15,"POLYGON ((-9.13099 38.73811, -9.13193 38.74057, -9.13509 38.74124, -9.13840 38.74069, -9.13977 38.73811, -9.13850 38.73545, -9.13509 38.73468, -9.13159 38.73538, -9.13099 38.73811))"
PZ-041,Estrela / Campo de Ourique bay 41,Parking bay,16,,"POLYGON ((-9.15358 38.70526, -9.15302 38.70526, -9.15302 38.70570, -9.15358 38.70570, -9.15358 38.70526))"
PZ-042,Baixa bay 42,Parking bay,38,,"POLYGON ((-9.13958 38.71368, -9.13902 38.71368, -9.13902 38.71412, -9.13958 38.71412, -9.13958 38.71368))"
PZ-043,Saldanha restricted area 43,No-parking zone,,,"POLYGON ((-9.13959 38.74067, -9.13984 38.74189, -9.14141 38.74233, -9.14278 38.74174, -9.14338 38.74067, -9.14289 38.73952, -9.14141 38.73887, -9.13984 38.73945, -9.13959 38.74067))"
PZ-044,Belém bay 44,Parking bay,16,,"POLYGON ((-9.19871 38.70344, -9.19814 38.70344, -9.19814 38.70388, -9.19871 38.70388, -9.19871 38.70344))"
PZ-045,Baixa bay 45,Parking bay,10,,"POLYGON ((-9.13823 38.71429, -9.13766 38.71429, -9.13766 38.71473, -9.13823 38.71473, -9.13823 38.71429))"
PZ-046,Baixa bay 46,Parking bay,38,,"POLYGON ((-9.13313 38.71418, -9.13256 38.71418, -9.13256 38.71462, -9.13313 38.71462, -9.13313 38.71418))"
PZ-047,Lumiar / Telheiras bay 47,Parking bay,19,,"POLYGON ((-9.17447 38.76934, -9.17391 38.76934, -9.17391 38.76978, -9.17447 38.76978, -9.17447 38.76934))"
PZ-048,Areeiro bay 48,Parking bay,16,,"POLYGON ((-9.13128 38.74279, -9.13072 38.74279, -9.13072 38.74323, -9.13128 38.74323, -9.13128 38.74279))"
PZ-049,Baixa restricted area 49,No-parking zone,,,"POLYGON ((-9.12844 38.70939, -9.12913 38.71065, -9.13074 38.71104, -9.13206 38.71042, -9.13292 38.70939, -9.13236 38.70813, -9.13074 38.70784, -9.12943 38.70837, -9.12844 38.70939))"
PZ-050,Saldanha slow zone 50,Slow zone,,15,"POLYGON ((-9.13581 38.73443, -9.13732 38.73699, -9.14061 38.73806, -9.14339 38.73660, -9.14474 38.73443, -9.14394 38.73182, -9.14061 38.73110, -9.13728 38.73183, -9.13581 38.73443))"
PZ-051,Cais do Sodré bay 51,Parking bay,34,,"POLYGON ((-9.14750 38.70816, -9.14694 38.70816, -9.14694 38.70860, -9.14750 38.70860, -9.14750 38.70816))"
PZ-052,Campo Pequeno bay 52,Parking bay,14,,"POLYGON ((-9.14649 38.73823, -9.14593 38.73823, -9.14593 38.73867, -9.14649 38.73867, -9.14649 38.73823))"
PZ-053,Baixa bay 53,Parking bay,10,,"POLYGON ((-9.13903 38.70704, -9.13847 38.70704, -9.13847 38.70748, -9.13903 38.70748, -9.13903 38.70704))"
PZ-054,Alcântara / LX slow zone 54,Slow zone,,15,"POLYGON ((-9.17823 38.70969, -9.17996 38.71210, -9.18306 38.71276, -9.18627 38.71219, -9.18718 38.70969, -9.18585 38.70751, -9.18306 38.70647, -9.17955 38.70695, -9.17823 38.70969))"
PZ-055,Chiado / Bairro Alto slow zone 55,Slow zone,,15,"POLYGON ((-9.12233 38.71575, -9.12331 38.71848, -9.12681 38.71884, -9.13013 38.71833, -9.13104 38.71575, -9.13004 38.71322, -9.12681 38.71224, -9.12391 38.71348, -9.12233 38.71575))"
PZ-056,Campo Pequeno slow zone 56,Slow zone,,15,"POLYGON ((-9.15077 38.74597, -9.15157 38.74870, -9.15507 38.74935, -9.15829 38.74847, -9.15921 38.74597, -9.15856 38.74325, -9.15507 38.74284, -9.15207 38.74362, -9.15077 38.74597))"
PZ-057,Baixa restricted area 57,No-parking zone,,,"POLYGON ((-9.13711 38.71390, -9.13797 38.71494, -9.13930 38.71547, -9.14082 38.71509, -9.14112 38.71390, -9.14060 38.71288, -9.13930 38.71245, -9.13770 38.71265, -9.13711 38.71390))"
PZ-058,Chiado / Bairro Alto restricted area 58,No-parking zone,,,"POLYGON ((-9.14210 38.70862, -9.14266 38.70970, -9.14404 38.71024, -9.14554 38.70979, -9.14609 38.70862, -9.14545 38.70752, -9.14404 38.70688, -9.14257 38.70747, -9.14210 38.70862))"
PZ-059,Marquês / Liberdade bay 59,Parking bay,20,,"POLYGON ((-9.15397 38.72268, -9.15341 38.72268, -9.15341 38.72312, -9.15397 38.72312, -9.15397 38.72268))"
PZ-060,Marquês / Liberdade slow zone 60,Slow zone,,15,"POLYGON ((-9.14935 38.72248, -9.15065 38.72474, -9.15354 38.72575, -9.15702 38.72519, -9.15770 38.72248, -9.15643 38.72023, -9.15354 38.71924, -9.15077 38.72031, -9.14935 38.72248))"
PZ-061,Chiado / Bairro Alto bay 61,Parking bay,28,,"POLYGON ((-9.15628 38.70782, -9.15572 38.70782, -9.15572 38.70826, -9.15628 38.70826, -9.15628 38.70782))"
PZ-062,Parque das Nações restricted area 62,No-parking zone,,,"POLYGON ((-9.08388 38.78060, -9.08446 38.78169, -9.08585 38.78239, -9.08748 38.78188, -9.08813 38.78060, -9.08713 38.77960, -9.08585 38.77917, -9.08443 38.77950, -9.08388 38.78060))"
PZ-063,Cais do Sodré bay 63,Parking bay,33,,"POLYGON ((-9.14428 38.70598, -9.14372 38.70598, -9.14372 38.70642, -9.14428 38.70642, -9.14428 38.70598))"
PZ-064,Baixa bay 64,Parking bay,23,,"POLYGON ((-9.14201 38.71303, -9.14144 38.71303, -9.14144 38.71347, -9.14201 38.71347, -9.14201 38.71303))"
