rule_id,area,rule,applies_to,vehicle_cap,valid_from,valid_to,geometry
CAP-001,Baixa,Fleet cap,Lime,364,2026-06-01,2026-12-31,"POLYGON ((-9.13348 38.71390, -9.13472 38.71747, -9.13930 38.71879, -9.14351 38.71718, -9.14485 38.71390, -9.14395 38.71028, -9.13930 38.70831, -9.13470 38.71031, -9.13348 38.71390))"
CAP-002,Baixa,Fleet cap,Bolt,163,2026-06-01,2026-12-31,"POLYGON ((-9.13344 38.71390, -9.13478 38.71742, -9.13930 38.71962, -9.14406 38.71762, -9.14507 38.71390, -9.14335 38.71074, -9.13930 38.70834, -9.13442 38.71009, -9.13344 38.71390))"
CAP-003,Baixa,Fleet cap,Dott,414,2026-06-01,2026-12-31,"POLYGON ((-9.13280 38.71390, -9.13497 38.71728, -9.13930 38.71891, -9.14343 38.71712, -9.14608 38.71390, -9.14349 38.71063, -9.13930 38.70947, -9.13466 38.71028, -9.13280 38.71390))"
CAP-004,Baixa,Fleet cap,Voi,296,2026-06-01,2026-12-31,"POLYGON ((-9.13194 38.71390, -9.13501 38.71724, -9.13930 38.71838, -9.14331 38.71703, -9.14578 38.71390, -9.14365 38.71050, -9.13930 38.70843, -9.13432 38.71002, -9.13194 38.71390))"
CAP-005,Baixa,Fleet cap,Gira,457,2026-06-01,2026-12-31,"POLYGON ((-9.13274 38.71390, -9.13533 38.71699, -9.13930 38.71890, -9.14441 38.71788, -9.14475 38.71390, -9.14316 38.71089, -9.13930 38.70934, -9.13413 38.70987, -9.13274 38.71390))"
CAP-006,Avenidas Novas,Fleet cap,Lime,281,2026-06-01,2026-12-31,"POLYGON ((-9.13764 38.73600, -9.14175 38.74009, -9.14700 38.74244, -9.15238 38.74019, -9.15626 38.73600, -9.15351 38.73092, -9.14700 38.73046, -9.14196 38.73207, -9.13764 38.73600))"
CAP-007,Avenidas Novas,Fleet cap,Bolt,566,2026-06-01,2026-12-31,"POLYGON ((-9.13861 38.73600, -9.14028 38.74124, -9.14700 38.74175, -9.15331 38.74092, -9.15523 38.73600, -9.15371 38.73076, -9.14700 38.72906, -9.14176 38.73191, -9.13861 38.73600))"
CAP-008,Avenidas Novas,Fleet cap,Dott,319,2026-06-01,2026-12-31,"POLYGON ((-9.13968 38.73600, -9.14068 38.74093, -9.14700 38.74165, -9.15211 38.73999, -9.15421 38.73600, -9.15255 38.73167, -9.14700 38.72950, -9.14081 38.73117, -9.13968 38.73600))"
CAP-009,Avenidas Novas,Fleet cap,Voi,306,2026-06-01,2026-12-31,"POLYGON ((-9.13864 38.73600, -9.14136 38.74040, -9.14700 38.74230, -9.15220 38.74006, -9.15630 38.73600, -9.15231 38.73186, -9.14700 38.72940, -9.14034 38.73081, -9.13864 38.73600))"
CAP-010,Avenidas Novas,Fleet cap,Gira,726,2026-06-01,2026-12-31,"POLYGON ((-9.13787 38.73600, -9.14038 38.74116, -9.14700 38.74268, -9.15209 38.73997, -9.15602 38.73600, -9.15305 38.73128, -9.14700 38.72876, -9.14081 38.73117, -9.13787 38.73600))"
CAP-011,Parque das Nações,Fleet cap,Lime,828,2026-06-01,2026-12-31,"POLYGON ((-9.08674 38.76500, -9.09025 38.77026, -9.09700 38.77252, -9.10433 38.77072, -9.10725 38.76500, -9.10308 38.76026, -9.09700 38.75812, -9.09048 38.75991, -9.08674 38.76500))"
CAP-012,Parque das Nações,Fleet cap,Bolt,422,2026-06-01,2026-12-31,"POLYGON ((-9.08693 38.76500, -9.09029 38.77023, -9.09700 38.77139, -9.10329 38.76990, -9.10730 38.76500, -9.10371 38.75977, -9.09700 38.75732, -9.08938 38.75906, -9.08693 38.76500))"
CAP-013,Parque das Nações,Fleet cap,Dott,350,2026-06-01,2026-12-31,"POLYGON ((-9.08809 38.76500, -9.09109 38.76961, -9.09700 38.77339, -9.10321 38.76984, -9.10783 38.76500, -9.10285 38.76044, -9.09700 38.75849, -9.08976 38.75935, -9.08809 38.76500))"
CAP-014,Parque das Nações,Fleet cap,Voi,593,2026-06-01,2026-12-31,"POLYGON ((-9.08769 38.76500, -9.08985 38.77058, -9.09700 38.77214, -9.10457 38.77090, -9.10567 38.76500, -9.10421 38.75938, -9.09700 38.75841, -9.09042 38.75986, -9.08769 38.76500))"
CAP-015,Parque das Nações,Fleet cap,Gira,763,2026-06-01,2026-12-31,"POLYGON ((-9.08803 38.76500, -9.09032 38.77021, -9.09700 38.77200, -9.10292 38.76962, -9.10703 38.76500, -9.10467 38.75902, -9.09700 38.75791, -9.09096 38.76029, -9.08803 38.76500))"
CAP-016,Belém,Fleet cap,Lime,330,2026-06-01,2026-12-31,"POLYGON ((-9.19898 38.69700, -9.20117 38.70077, -9.20600 38.70132, -9.21031 38.70036, -9.21274 38.69700, -9.21029 38.69366, -9.20600 38.69136, -9.20205 38.69392, -9.19898 38.69700))"
CAP-017,Belém,Fleet cap,Bolt,215,2026-06-01,2026-12-31,"POLYGON ((-9.19961 38.69700, -9.20101 38.70089, -9.20600 38.70181, -9.21023 38.70030, -9.21235 38.69700, -9.21076 38.69329, -9.20600 38.69257, -9.20187 38.69378, -9.19961 38.69700))"
CAP-018,Belém,Fleet cap,Dott,276,2026-06-01,2026-12-31,"POLYGON ((-9.20036 38.69700, -9.20163 38.70041, -9.20600 38.70207, -9.20994 38.70008, -9.21217 38.69700, -9.21116 38.69297, -9.20600 38.69222, -9.20191 38.69381, -9.20036 38.69700))"
CAP-019,Belém,Fleet cap,Voi,320,2026-06-01,2026-12-31,"POLYGON ((-9.19896 38.69700, -9.20087 38.70100, -9.20600 38.70200, -9.21068 38.70065, -9.21155 38.69700, -9.21023 38.69370, -9.20600 38.69253, -9.20213 38.69398, -9.19896 38.69700))"
CAP-020,Belém,Fleet cap,Gira,492,2026-06-01,2026-12-31,"POLYGON ((-9.19891 38.69700, -9.20163 38.70041, -9.20600 38.70210, -9.20991 38.70005, -9.21288 38.69700, -9.21015 38.69376, -9.20600 38.69128, -9.20085 38.69298, -9.19891 38.69700))"
CAP-021,Alvalade,Fleet cap,Lime,803,2026-06-01,2026-12-31,"POLYGON ((-9.13195 38.75300, -9.13464 38.75718, -9.14000 38.75998, -9.14627 38.75789, -9.14804 38.75300, -9.14508 38.74904, -9.14000 38.74700, -9.13488 38.74901, -9.13195 38.75300))"
CAP-022,Alvalade,Fleet cap,Bolt,704,2026-06-01,2026-12-31,"POLYGON ((-9.13251 38.75300, -9.13409 38.75761, -9.14000 38.75936, -9.14507 38.75695, -9.14743 38.75300, -9.14508 38.74904, -9.14000 38.74602, -9.13417 38.74845, -9.13251 38.75300))"
CAP-023,Alvalade,Fleet cap,Dott,463,2026-06-01,2026-12-31,"POLYGON ((-9.13125 38.75300, -9.13442 38.75735, -9.14000 38.75992, -9.14631 38.75792, -9.14801 38.75300, -9.14549 38.74872, -9.14000 38.74670, -9.13444 38.74866, -9.13125 38.75300))"
CAP-024,Alvalade,Fleet cap,Voi,802,2026-06-01,2026-12-31,"POLYGON ((-9.13233 38.75300, -9.13437 38.75739, -9.14000 38.76014, -9.14502 38.75691, -9.14782 38.75300, -9.14676 38.74772, -9.14000 38.74646, -9.13346 38.74790, -9.13233 38.75300))"
CAP-025,Alvalade,Fleet cap,Gira,638,2026-06-01,2026-12-31,"POLYGON ((-9.13287 38.75300, -9.13468 38.75715, -9.14000 38.75992, -9.14557 38.75735, -9.14752 38.75300, -9.14613 38.74822, -9.14000 38.74589, -9.13454 38.74874, -9.13287 38.75300))"
CAP-026,Alcântara,Fleet cap,Lime,756,2026-06-01,2026-12-31,"POLYGON ((-9.17320 38.70350, -9.17433 38.70636, -9.17800 38.70756, -9.18152 38.70625, -9.18413 38.70350, -9.18147 38.70079, -9.17800 38.69933, -9.17467 38.70090, -9.17320 38.70350))"
CAP-027,Alcântara,Fleet cap,Bolt,889,2026-06-01,2026-12-31,"POLYGON ((-9.17186 38.70350, -9.17414 38.70651, -9.17800 38.70791, -9.18157 38.70628, -9.18322 38.70350, -9.18196 38.70041, -9.17800 38.69891, -9.17400 38.70038, -9.17186 38.70350))"
CAP-028,Alcântara,Fleet cap,Dott,749,2026-06-01,2026-12-31,"POLYGON ((-9.17321 38.70350, -9.17449 38.70624, -9.17800 38.70721, -9.18209 38.70669, -9.18295 38.70350, -9.18162 38.70068, -9.17800 38.69924, -9.17420 38.70053, -9.17321 38.70350))"
CAP-029,Alcântara,Fleet cap,Voi,642,2026-06-01,2026-12-31,"POLYGON ((-9.17186 38.70350, -9.17415 38.70650, -9.17800 38.70746, -9.18195 38.70658, -9.18415 38.70350, -9.18138 38.70086, -9.17800 38.69969, -9.17380 38.70022, -9.17186 38.70350))"
CAP-030,Alcântara,Fleet cap,Gira,301,2026-06-01,2026-12-31,"POLYGON ((-9.17272 38.70350, -9.17376 38.70681, -9.17800 38.70823, -9.18220 38.70677, -9.18274 38.70350, -9.18133 38.70090, -9.17800 38.69885, -9.17437 38.70067, -9.17272 38.70350))"
